{"cameraMode":{"drawMode":0,"name":"Shaded","section":"Shading Mode"},"sceneLighting":true,"audioPlay":false,"sceneViewState":{"showFog":true,"showMaterialUpdate":false,"showSkybox":true,"showFlares":true,"showImageEffects":true,"showParticleSystems":true},"in2DMode":false,"pivot":{"x":0.4867611825466156,"y":0.07785535603761673,"z":-0.03361380100250244},"rotation":{"x":-0.18628165125846864,"y":-0.03566260635852814,"z":0.006767182610929012,"w":-0.9818330407142639},"size":3.5190961360931398,"orthographic":false}