{"cameraMode":{"drawMode":0,"name":"Shaded","section":"Shading Mode"},"sceneLighting":false,"audioPlay":false,"sceneViewState":{"showFog":true,"showMaterialUpdate":false,"showSkybox":false,"showFlares":true,"showImageEffects":true,"showParticleSystems":true},"in2DMode":false,"pivot":{"x":-0.06312298774719238,"y":1.1567678451538087,"z":-0.05355566740036011},"rotation":{"x":-0.19749101996421815,"y":-0.6180791258811951,"z":0.1642962396144867,"w":-0.7429562211036682},"size":2.987483263015747,"orthographic":false}